lr,beta,train,test,pos,rot,kl
0.001,0.0,3.6438735,2.8772736,26.22284,1.0215892,1.340118
0.001,0.01,2.76578,2.688735,21.083847,0.638559,1.8836519
0.0009990143508499217,0.02,2.582567,2.4796457,19.817661,0.576132,1.23344
0.0009960612933065818,0.03,2.367122,2.2611625,18.20202,0.5095231,1.2465626
0.00099115248173898,0.04,2.1830204,2.089838,16.665356,0.47107795,1.1351771
0.0009843072889837512,0.05,2.0061038,1.9052424,14.99101,0.45003784,1.1393006
0.0009755527298894294,0.06,1.8598412,1.790451,13.634952,0.4273571,1.1498164
0.0009649233547011816,0.07,1.7417428,1.6617972,12.546709,0.4059349,1.1590937
0.0009524611127067769,0.08,1.6329752,1.5615052,11.541206,0.38411152,1.1842896
0.0009382151866819099,0.09,1.5254152,1.4778811,10.551001,0.36249253,1.1980298
0.0009222417987882566,0.1,1.4485936,1.4308296,9.835596,0.34306958,1.2196429
0.0009046039886902864,0.11,1.3748271,1.368095,9.153382,0.32476556,1.2247571
0.0008853713647665069,0.12,1.3097675,1.2787442,8.552081,0.30787486,1.2223712
0.0008646198293969952,0.13,1.2501755,1.2236599,8.001732,0.29264432,1.2104456
0.0008424312794113801,0.14,1.1997411,1.1948913,7.5224876,0.27837315,1.2079946
0.0008188932828794706,0.15,1.1620411,1.1491556,7.1600327,0.26699057,1.1936496
0.0007940987335200905,0.16,1.1267489,1.1146345,6.8048286,0.25720873,1.1816083
0.0007681454840920089,0.17,1.1010602,1.1009198,6.533909,0.24850054,1.1715808
0.0007411359602138069,0.18,1.0817204,1.0885948,6.325809,0.24090391,1.156864
0.0007131767561367538,0.19,1.0686744,1.0652653,6.1727414,0.23491764,1.1393825
0.0006843782140659968,0.2,1.0459634,1.0700854,5.921834,0.2280053,1.1288736
0.0006548539886902864,0.21,1.0316916,1.0239741,5.745458,0.22245201,1.1175897
0.0006247205986388449,0.22,1.0162678,1.016358,5.5650725,0.21649837,1.1057373
0.0005940969666355697,0.23,1.0085655,1.0130159,5.457384,0.21185008,1.0912051
0.0005631039501653701,0.24,0.99661154,1.007137,5.2949963,0.20735084,1.0823375
0.0005318638645048922,0.25,0.99433935,1.016098,5.2240806,0.20358627,1.0733799
0.0005005000000000001,0.25,0.9794273,0.976819,5.119104,0.2002188,1.0691926
0.00046913613549510807,0.25,0.9610229,0.9675692,4.964444,0.19645213,1.0725048
0.00043789604983463014,0.25,0.95246404,0.96602255,4.905911,0.19381474,1.0722331
0.00040690303336443065,0.25,0.9353182,0.9448443,4.772862,0.19034973,1.0707288
0.00037627940136115507,0.25,0.92286783,0.93361664,4.6726694,0.18728308,1.0732712
0.000346146011309714,0.25,0.91482717,0.9320107,4.6113296,0.18502839,1.074663
0.00031662178593400354,0.25,0.9021685,0.9119169,4.513528,0.18250382,1.073247
0.00028782324386324626,0.25,0.8930188,0.90464646,4.4354014,0.18022332,1.077021
0.00025986403978619317,0.25,0.8859429,0.89751834,4.382234,0.17820537,1.0780565
0.00023285451590799108,0.25,0.8775389,0.8872661,4.313289,0.17633171,1.0795133
0.00020690126647990973,0.25,0.8687818,0.88244945,4.24717,0.1744516,1.0784527
0.00018210671712052948,0.25,0.86353767,0.8764534,4.201207,0.17322543,1.0807662
0.00015856872058862,0.25,0.85894585,0.8750381,4.166996,0.1719964,1.0809989
0.00013638017060300505,0.25,0.8520417,0.8650821,4.1109867,0.170617,1.0813044
0.00011562863523349333,0.25,0.8477978,0.86146563,4.0743446,0.16948146,1.0835273
9.639601130971382e-05,0.25,0.8437154,0.8572461,4.0421343,0.16876502,1.0829479
7.875820121174359e-05,0.25,0.84139735,0.85290545,4.011873,0.16789527,1.089259
6.278481331809015e-05,0.25,0.8372474,0.8541538,3.9867682,0.16705266,1.0860713
4.853888729322333e-05,0.25,0.8341775,0.853079,3.9569464,0.1664263,1.0882266
3.6076645298818454e-05,0.25,0.83213365,0.8474121,3.9439025,0.16604401,1.0867975
2.5447270110570814e-05,0.25,0.83000964,0.8463289,3.9295466,0.16579735,1.0850306
1.6692711016248837e-05,0.25,0.8296133,0.8459759,3.9163828,0.1655252,1.0897996
9.847518261019985e-06,0.25,0.8280057,0.8461371,3.9019692,0.1652141,1.0903788
4.938706693418357e-06,0.25,0.8275893,0.84440905,3.9027364,0.16498898,1.0893066
1.9856491500783564e-06,0.0,0.54918504,0.55851465,3.8509362,0.16409141,1.1143333
0.0005,0.01,0.62851256,0.5709711,4.2349105,0.16754965,3.7471833
0.0004995076687428538,0.02,0.5691939,0.5716049,3.585785,0.15666878,2.69733
0.0004980326179779622,0.03,0.5709971,0.5739568,3.5870795,0.15557778,1.8903769
0.0004955806690568079,0.04,0.5813037,0.590967,3.6122527,0.15493436,1.6286024
0.0004921614987015934,0.05,0.5872364,0.598126,3.5688121,0.15348028,1.5374972
0.00048778860081564085,0.06,0.5992445,0.6178999,3.5795557,0.15271497,1.4762313
0.0004824792332291187,0.07,0.61229455,0.6220613,3.6028564,0.15227166,1.4248163
0.0004762543495902719,0.08,0.619034,0.6320686,3.564482,0.15100324,1.3947823
0.00046913851667094395,0.09,0.62740535,0.6528911,3.5495155,0.15003353,1.3602256
0.00046115981741275277,0.1,0.6407669,0.6500208,3.5774543,0.14968917,1.3333232
0.0004523497400965494,0.11,0.64998597,0.6641976,3.5752265,0.14874426,1.3065372
0.0004427430540725594,0.12,0.6576316,0.67118496,3.553551,0.14793125,1.2862101
0.0004323776725416422,0.13,0.66728777,0.68301946,3.5568833,0.14728485,1.2639576
0.00042129450292920784,0.14,0.6763407,0.7044613,3.551992,0.14687619,1.2447522
0.0004095372854422981,0.15,0.6868272,0.70051557,3.560892,0.14622062,1.230116
0.0003971524204469721,0.16,0.69344866,0.70824265,3.532138,0.14582181,1.2150823
0.00038418878534725965,0.17,0.7013734,0.7168951,3.5222895,0.14510275,1.200245
0.000370697541688378,0.18,0.7119851,0.7250827,3.5390394,0.14479293,1.1849346
0.00035673193324548566,0.19,0.7214386,0.73597366,3.540912,0.14446655,1.1730571
0.0003423470758948272,0.2,0.7288601,0.7409644,3.5300999,0.14386126,1.1599439
0.0003275997400965494,0.21,0.7367659,0.742655,3.521599,0.1435103,1.1480747
0.00031254812684763125,0.22,0.74324167,0.759181,3.4926586,0.14284848,1.1414886
0.00029725163798913836,0.23,0.7546292,0.76764804,3.5164247,0.14302869,1.1302524
0.000281770641774294,0.24,0.76025796,0.76866937,3.491639,0.14255814,1.1189
0.00026616623462256375,0.25,0.7705658,0.7860175,3.511211,0.14260386,1.1073629
0.0002505,0.25,0.76608336,0.7793431,3.4738853,0.14172666,1.1078724
0.0002348337653774363,0.25,0.7651064,0.77913076,3.4722724,0.14123173,1.1065894
0.0002192293582257061,0.25,0.7617419,0.7746372,3.4444366,0.14074841,1.1061994
0.0002037483620108617,0.25,0.75769615,0.77441865,3.415217,0.14001217,1.1046488
0.0001884518731523687,0.25,0.7547618,0.7697983,3.3941147,0.13942629,1.1036961
0.0001734002599034507,0.25,0.7529537,0.76765436,3.3816726,0.13910443,1.1027277
0.0001586529241051729,0.25,0.7499208,0.7643769,3.3562384,0.13846993,1.1033084
0.00014426806675451437,0.25,0.74735403,0.7602298,3.3363204,0.13791019,1.103247
0.000130302458311622,0.25,0.7462637,0.7623944,3.3256817,0.13764825,1.1041889
0.00011681121465274027,0.25,0.74302715,0.75781363,3.2935443,0.13701557,1.1066285
0.00010384757955302797,0.25,0.74081546,0.7537317,3.2813628,0.13649957,1.1047184
9.146271455770191e-05,0.25,0.7398748,0.7542391,3.268173,0.13621995,1.1073499
7.970549707079216e-05,0.25,0.73787016,0.7510814,3.2534025,0.13584596,1.1067362
6.862232745835787e-05,0.25,0.7356655,0.7488258,3.2337492,0.13535072,1.1077597
5.8256945927440603e-05,0.25,0.73355955,0.7494075,3.220257,0.13509588,1.1057521
4.865025990345063e-05,0.25,0.7328298,0.74720937,3.2130728,0.13487017,1.1066095
3.984018258724729e-05,0.25,0.73212796,0.74868995,3.2035906,0.13466462,1.1084168
3.186148332905603e-05,0.25,0.7300064,0.74537545,3.1838388,0.13429372,1.1093149
2.4745650409728172e-05,0.25,0.729664,0.7452142,3.184845,0.1342567,1.1076912
1.8520766770881288e-05,0.25,0.72848487,0.7424398,3.173412,0.13410665,1.108148
1.3211399184359193e-05,0.25,0.7277065,0.7437237,3.1676557,0.133916,1.1080999
8.838501298406575e-06,0.25,0.7270811,0.74448377,3.160435,0.13379,1.1089904
5.419330943192164e-06,0.25,0.72668546,0.73934394,3.1602912,0.13387506,1.1071254
2.967382022037798e-06,0.25,0.72720945,0.74239224,3.162056,0.13389605,1.1084311
1.492331257146246e-06,0.0,0.44392714,0.45568392,3.1106765,0.13285942,1.1298685
0.00025,0.01,0.44437882,0.44276312,2.904413,0.1277044,2.6233063
0.00024975432768931983,0.02,0.4476934,0.45540717,2.7630708,0.12507686,2.315472
0.0002490182803136525,0.03,0.4584605,0.4696044,2.7939658,0.12527058,1.7931092
0.00024779476271572176,0.04,0.4717382,0.4849876,2.8348637,0.12554108,1.5677674
0.00024608860356051455,0.05,0.48478785,0.4974787,2.8474777,0.12528849,1.4950311
0.0002439065362787466,0.06,0.4970732,0.5112058,2.8509028,0.12511547,1.4477903
0.00024125717249308726,0.07,0.510643,0.5248761,2.8692975,0.12526701,1.4063747
0.00023815096803201941,0.08,0.5231775,0.53780675,2.8817444,0.12502724,1.3746982
0.00023460018166546098,0.09,0.53593636,0.5484063,2.8949416,0.12504855,1.3488183
0.00023061882672500086,0.1,0.54690343,0.5595285,2.8934395,0.12483231,1.3272713
0.00022622261579968093,0.11,0.5598013,0.57198983,2.9156485,0.12499531,1.3021919
0.00022142889872558575,0.12,0.5717119,0.5843243,2.9231024,0.12514792,1.2854476
0.00021625659411396572,0.13,0.58250964,0.5951609,2.9270759,0.12495632,1.2680439
0.00021072611468812174,0.14,0.5937031,0.60652477,2.9369285,0.12514529,1.2490355
0.00020485928672371186,0.15,0.6063469,0.62111276,2.9567888,0.12519743,1.2364712
0.00019867926391041292,0.16,0.6161953,0.63547134,2.9607818,0.124923594,1.21996
0.00019221043597488505,0.17,0.62775177,0.64010537,2.975624,0.12519945,1.2058231
0.00018547833242566354,0.18,0.6396772,0.65458757,2.9941115,0.1254419,1.1934681
0.00017850952179985152,0.19,0.6498581,0.6632231,2.9994602,0.12543938,1.181435
0.0001713315068092424,0.2,0.6607114,0.6759172,3.0102649,0.12550451,1.1709025
0.00016397261579968094,0.21,0.67039603,0.684319,3.0112302,0.12556888,1.1604956
0.0001564618909520244,0.22,0.6808594,0.6991139,3.0290606,0.12573037,1.146468
0.00014882897366592273,0.23,0.69281316,0.7042184,3.0496094,0.12595668,1.1386765
0.0001411039875787559,0.24,0.70239305,0.7141471,3.058454,0.12606294,1.1270198
0.0001333174196813995,0.25,0.7115716,0.7241194,3.0508883,0.1258575,1.1225013
0.0001255,0.25,0.70983946,0.72460014,3.0464218,0.1257651,1.1177284
0.00011768258031860048,0.25,0.70956314,0.72320724,3.0429075,0.12562953,1.1185713
0.00010989601242124412,0.25,0.70816404,0.7253134,3.0372906,0.1255156,1.1156775
0.00010217102633407727,0.25,0.70652115,0.72031075,3.0260527,0.12529628,1.1144786
9.453810904797556e-05,0.25,0.70551383,0.7191612,3.0155282,0.1250215,1.1157577
8.702738420031908e-05,0.25,0.70475703,0.71835995,3.0081475,0.124815576,1.1165069
7.966849319075761e-05,0.25,0.70332944,0.7158932,2.9982247,0.12467273,1.115337
7.249047820014844e-05,0.25,0.7026161,0.716811,2.9909618,0.12437976,1.1165603
6.552166757433643e-05,0.25,0.7010736,0.7154448,2.9867437,0.124235414,1.1126555
5.8789564025114885e-05,0.25,0.7001273,0.7142048,2.9725478,0.12403797,1.1153383
5.2320736089587104e-05,0.25,0.69910496,0.7157102,2.9646544,0.1238081,1.1153252
4.614071327628812e-05,0.25,0.6985296,0.7123356,2.9609406,0.12376203,1.1146942
4.027388531187825e-05,0.25,0.69768,0.716058,2.9551551,0.12357102,1.1143739
3.4743405886034285e-05,0.25,0.6964997,0.7102831,2.945139,0.12339992,1.1143433
2.957110127441425e-05,0.25,0.69704014,0.71212,2.9425225,0.123414524,1.1174934
2.4777384200319054e-05,0.25,0.69572335,0.7097189,2.9360614,0.12324261,1.1154982
2.038117327499915e-05,0.25,0.6946169,0.7096036,2.9306278,0.12316235,1.113567
1.6399818334538984e-05,0.25,0.69471174,0.7073329,2.9267223,0.12305263,1.1159478
1.284903196798059e-05,0.25,0.69465655,0.7079134,2.9247804,0.12299535,1.1167326
9.742827506912707e-06,0.25,0.6940578,0.70907545,2.9176493,0.12290092,1.1175679
7.093463721253385e-06,0.25,0.69330823,0.7052925,2.9134963,0.122818924,1.116559
4.911396439485444e-06,0.25,0.6935757,0.71013945,2.9169407,0.12288074,1.1160035
3.205237284278254e-06,0.25,0.6934374,0.7080087,2.914099,0.122774474,1.1170119
1.981719686347518e-06,0.25,0.69268215,0.70800453,2.9059777,0.12259306,1.1179651
1.2456723106801909e-06,0.0,0.4093007,0.41854143,2.8731856,0.12198223,1.1342868
0.000125,0.01,0.39203402,0.3986551,2.5683198,0.115587756,1.9614276
0.00012487765716255283,0.02,0.40388083,0.41524193,2.5090306,0.114191875,1.9392937
0.00012451111148149765,0.03,0.4187387,0.43056205,2.5372334,0.114510275,1.6835042
0.00012390180954517871,0.04,0.4317418,0.44558027,2.5463297,0.11454714,1.5640411
0.00012305215598997513,0.05,0.44681877,0.4609581,2.5749097,0.114857756,1.4894016
0.00012196550401029952,0.06,0.46086827,0.47386822,2.5925097,0.115068465,1.44248
0.00012064614212507158,0.07,0.47380394,0.48674285,2.601993,0.11510448,1.4071451
0.00011909927725289322,0.08,0.48765287,0.50075513,2.6201751,0.11534898,1.3785802
0.00011733101416271953,0.09,0.50036436,0.5145543,2.6308367,0.11539457,1.3542895
0.00011534833138112494,0.1,0.513765,0.5280637,2.6527226,0.115756325,1.3273647
0.00011315905365124674,0.11,0.52647185,0.5392716,2.667487,0.11594448,1.3070788
0.00011077182105209894,0.12,0.5386807,0.5516098,2.6834304,0.116084784,1.2854414
0.00010819605490012751,0.13,0.5509625,0.56318754,2.695049,0.1163457,1.2700922
0.0001054419205675787,0.14,0.5633562,0.57504195,2.7110293,0.11655826,1.254965
0.00010252028736441876,0.15,0.57540864,0.58662415,2.7232769,0.11672672,1.2423615
9.944268564213335e-05,0.16,0.5869228,0.6031065,2.7405226,0.117022544,1.2240503
9.622126128869779e-05,0.17,0.59778786,0.6151754,2.7483163,0.1170751,1.2110655
9.286872779430634e-05,0.18,0.6099192,0.6217136,2.7678647,0.11746932,1.1981294
8.93983160770345e-05,0.19,0.62155616,0.63547975,2.7827606,0.1176474,1.1875404
8.582372226645004e-05,0.2,0.6326767,0.64686173,2.7991283,0.11799542,1.1738427
8.215905365124675e-05,0.21,0.64352816,0.6580301,2.8125286,0.11815934,1.1624572
7.841877300422098e-05,0.22,0.65471727,0.67048806,2.823703,0.118432604,1.1541563
7.461764150431494e-05,0.23,0.6666252,0.67939115,2.8441494,0.1187502,1.1454784
7.077066048098688e-05,0.24,0.676064,0.6904333,2.846112,0.11898844,1.1352682
6.689301221081744e-05,0.25,0.68734425,0.6984337,2.8661163,0.1191105,1.1264883
6.3e-05,0.25,0.6868325,0.7020052,2.8671222,0.11917835,1.1237676
5.910698778918257e-05,0.25,0.6862559,0.6993599,2.8641312,0.11919571,1.1225883
5.522933951901314e-05,0.25,0.6848761,0.7000754,2.8545034,0.11897904,1.1217868
5.138235849568507e-05,0.25,0.6849448,0.7021391,2.8592403,0.118944176,1.1203061
4.7581226995778996e-05,0.25,0.6842401,0.70122737,2.848194,0.11885486,1.1222631
4.3840946348753275e-05,0.25,0.68391895,0.69791716,2.8471425,0.11881591,1.121555
4.017627773354998e-05,0.25,0.6831965,0.69694155,2.8409474,0.118702605,1.1215966
3.660168392296549e-05,0.25,0.6823922,0.6972592,2.8369575,0.11856127,1.1205407
3.313127220569364e-05,0.25,0.6829983,0.69554704,2.8383925,0.11865177,1.1220291
2.9778738711302196e-05,0.25,0.6815127,0.69709545,2.830969,0.1183557,1.1202403
2.6557314357866676e-05,0.25,0.6810759,0.693002,2.8266873,0.1184396,1.1198698
2.3479712635581236e-05,0.25,0.681036,0.6948772,2.8233821,0.11838238,1.1212616
2.0558079432421302e-05,0.25,0.6802951,0.6960333,2.820993,0.118182786,1.1200521
1.78039450998725e-05,0.25,0.68068963,0.69469357,2.8187923,0.11820356,1.1224277
1.5228178947901074e-05,0.25,0.6796501,0.6933256,2.8123837,0.11807367,1.1213524
1.2840946348753267e-05,0.25,0.67923707,0.69584507,2.8111389,0.11802126,1.1204076
1.065166861887508e-05,0.25,0.6790132,0.69279736,2.8072262,0.11805325,1.1209495
8.668985837280459e-06,0.25,0.6791324,0.69331294,2.8097112,0.11809134,1.1202797
6.9007227471068e-06,0.25,0.6787255,0.6948113,2.80332,0.11790895,1.1219382
5.353857874928417e-06,0.25,0.67883307,0.69262856,2.8062027,0.11794451,1.1210735
4.034495989700481e-06,0.25,0.67851686,0.69299626,2.8029902,0.11787147,1.1213853
2.94784401002488e-06,0.25,0.6782616,0.69303435,2.799831,0.117873326,1.1216209
2.0981904548212992e-06,0.25,0.67820925,0.69424534,2.798661,0.11790769,1.1217419
1.4888885185023785e-06,0.25,0.67797315,0.6937681,2.7982328,0.11785031,1.1211985
